"Marca temporal","¿Has tenido alguna crisis durante el sueño?","¿Tienes un tiempo estimado de cada cuanto suceden?","¿Te ha pasado durante una crisis no tener a alguien cerca para ayudarte?","¿Estarías dispuesto a usar un reloj capaz de alertar a familiares o amigos para brindarte ayuda?","¿Te gustaría disponer de un historial con estadísticas de tus crisis?","¿En que momentos específicos tenes crisis con mayor frecuencia?","¿Que tipo de función en una aplicación crees que te ayudaría a llevar mejor tu tratamiento?","¿Te gustaría dejar un correo electrónico de contacto?"
"2019/08/31 8:29:04 p.m. GMT","Si","10 meses","Sí","Tal vez","Sí","Stress o exceso de estímulos de luz","Detección crisis ausencia","evagranada@yahoo.es"
"2019/08/31 8:29:24 p.m. GMT","Si","Es a mi hijo, ahora hace ya 21 dias que no tiene crisis dado que le vamos aumemtando el medicamento, recien ahora le está haciendo efecto. Antes tenía cada 2 o 3 dias. Siempre durmiendo.","No","Sí","Sí","Ninguno especial.","Un reloj o aparato donde avise que tiene y tuvo una crisis.","Anemixa78@hotmail.com"
"2019/08/31 8:31:36 p.m. GMT","Si","3 veces a la semana y duran mas o menos 4 minutos","Sí","Sí","Sí","Cuando siento algun tipo de dolor, cuando esta cerca a llegar el periodo o demasiado estres","","Luisamaria.gaspar@hotmail.com"
"2019/08/31 8:33:42 p.m. GMT","Si","No","No","Sí","Sí","Dormido en la noche o en la siesta","Una alarma de aviso del medicamento y algo que avise que ya perdí el conocimiento y estoy batallando para respirar y que el pulso del corazón se ha incrementado ","lic.oscarelizalde@gmail.com"
"2019/08/31 8:35:00 p.m. GMT","Si","","No","Sí","Sí","Cuando no duermo bien o estoy triste ","Alarmas para tomas de medicina ",""
"2019/08/31 8:39:02 p.m. GMT","Si","2 o 3 cada 5 meses","Sí","Sí","Sí","Al despertar y por las tardes","Si","jmarias37@gmail.com"
"2019/08/31 9:08:48 p.m. GMT","No","Si","Sí","Sí","Sí","Carga de estrés","Registro de crisis, recordatorio de medicamentos, registro de comportamiento durante la(s) crisis","cp.sluevano@gmail.com"
"2019/08/31 9:12:07 p.m. GMT","Si","Cada dos meses ","Sí","Sí","Sí","Dormido","",""
"2019/08/31 9:57:25 p.m. GMT","Si","Cada mes ","Sí","Sí","Sí","Antes de mi período ","Botón que me permita alertar a otros ","Nlopezc2@ucentral.edu.co "
"2019/08/31 10:32:01 p.m. GMT","Si","2 veces al mes","Sí","Tal vez","Sí","Durante clases","Un calendario",""
"2019/08/31 10:32:10 p.m. GMT","Si","Diario de día o noche","Sí","Sí","Sí","Estrés o mucho ruido","No sé","eva_r_cea@hotmail.com"
"2019/08/31 10:38:51 p.m. GMT","Si","14 minutos","No","Sí","Sí","Cuando duermo","Funcion de alarma dd la hora del medicameto","sircaya30@gmail.com"
"2019/09/01 1:36:27 a.m. GMT","Si","Tiene tiempo que no han sucedido","Sí","Tal vez","Sí","Diversos","Cronómetro",""
"2019/09/01 2:09:18 a.m. GMT","No","Cada 2 semanas","Sí","Sí","Sí","En las noches","",""
"2019/09/01 2:36:17 a.m. GMT","Si","7 minutos","No","Sí","Sí","Es mi nene solo 2 y fue durmiendo","Ayudar a las mamas porq yo entre en panico hasta psicologo tube q ir..de ver a mi nene asi",""
"2019/09/01 2:42:25 a.m. GMT","Si","No me pasa todo el tiempo pero si me a dado en dos oportunidades","Sí","Sí","Sí","Cuando estoy estresado y molesto","No se ","Emirseijasc.hotmail.com "
"2019/09/01 10:10:52 p.m. GMT","Si","A veces días, otras meses","Sí","Sí","Sí","Noche","Recordar las tomas, citas",""
"2019/09/02 6:11:31 p.m. GMT","Si","Una vez por semana","Sí","Sí","Sí","durante el sueño","Tengo que tomar varias medicaciones e ir cambiando las.dosis de acuerdo a la respuesta.Una aplicación que ayude a cruzar datos de dosis y crisis sería importante para facilitar el.ajuste de la medicación. 
Si hubiera algo que pudiera medir alguna actividad cerebral previa al ataque y dar un alerta, podría haber evitado traumatismos.","giussanipatricia@gmail.com"
"2019/09/02 6:31:56 p.m. GMT","Si","No, pero el estrés , enojo y sustos son desencadenantes en potencia de crisis para mí.","Sí","Sí","Sí","Durante la noche","No entiendo la pregunta 😅","perigault187@gmail.com"
"2019/09/02 6:33:42 p.m. GMT","Si","No","Sí","Sí","Sí","Cuando estoy estresada, preocupada ","Sintomas antes y despues de cualquier crisis, los que padecemos crisis menos complejas ","ghina_laguardia@msn.com "
"2019/09/02 6:45:21 p.m. GMT","Si","2 a 3 meses","Sí","Sí","Sí","En la calle","Prevenir","rafaelperaza7@hotmail.com"
"2019/09/02 6:49:59 p.m. GMT","No","No generalmente es cuando duermo poco o estoy muy nerviosa ","Sí","Sí","Sí","Cuando estoy muy  nerviosa o con pocas horas de sueño","No se la verdad solo quiero algo k me ayude a mejor ya k tengo dos nenes chicos y me han agarrado crisis en la calle sola con ellos ","luportela1987@gmail.com"
"2019/09/02 8:30:42 p.m. GMT","No","Menos de 1 minuto y medio","No","Sí","Sí","En el baño"" cuando me estiy bañando y normalmente cuando he trasnochado.","???????","anita2007_2012@hotmail.es"
"2019/09/02 8:41:51 p.m. GMT","Si","Crisis parciales simples creo que estoy teniendo 2 o 3 día, y generalizadas más o menos cada 3 o 4 meses, en ocasiones más seguido si estoy estresada","Sí","Sí","Sí","En la noche generalizadas, y en el día simples a cualquier hora","Algo que me permita colocar si ya me tome la dosis, marcando inmediatamente, ya que he perdido mucho la memoria y por las dudas en ocasiones creo que lo tomo 2 veces","Elilebakyra@gmail.com"
"2019/09/02 8:41:55 p.m. GMT","Si","No","No","Sí","Sí","Gripa, fiebre detonantes","Guarde el historial y correlaciones las variables que antecede una crisis como fiebre, gripa, alteración del patrón de sueño, alteración de la dieta, cetonemia o cetonuria, estrés, emociones, viral
","Soniagiraldos@hotmail.com y me gustaria apoyar este desarrollo, soy ingeniera y mana de una niña co  epilepsia refractaria y conozco el embrace de emphatica en USA"
"2019/09/02 8:55:26 p.m. GMT","No","","Sí","Sí","Sí","Creo cuando estas estresada","No tengo idea","marimedigar@gmail.com"
"2019/09/02 8:57:04 p.m. GMT","No","No","Sí","Sí","Sí","Cuando esta estresada (mi hija es quien las sufre)","No tengo idea","marimedigar@gmail.com"
"2019/09/02 9:19:28 p.m. GMT","Si","un mes o dos meses","Sí","Sí","Sí","En la noche","uno que  me recuerde la hora de mi medicamento","slopez7609@gmail.com"
"2019/09/02 9:20:36 p.m. GMT","Si","Duraban 13 a 20 segundos ..  en la actualidad ya sabe encuentra controlada ","No","Sí","Sí","Le llegaban a dar más frecuentes duarnate moments de estres","Una forma de detecte una crisis","tatishareyt@gmail.com"
"2019/09/02 9:37:31 p.m. GMT","Si","Cada 6 meses , el tiempo se va alargando (antes era cada mes)","No","Sí","Sí","En la noche horas antes de dormir","","Xavier_iturrald@hotmail.com"
"2019/09/02 10:15:37 p.m. GMT","No","Cada 50 a 60 dias","No","Sí","Sí","En el momento de la menstruacion","Algo que me avise cuando voy a tener una crisis",""
"2019/09/02 10:18:34 p.m. GMT","No","No","Sí","Sí","Sí","Cuando estoy con mucho estres y cuando no tomo alimentos a mi horas.","Recordar que debes tomar los medicamentos ","No"
"2019/09/02 10:21:10 p.m. GMT","No","2 meses ","Sí","Sí","Sí","No hay relacion.","Alertas","verussagnr@gmail.com"
"2019/09/02 10:21:27 p.m. GMT","Si","Un minuto como mucho","No","Tal vez","Sí","Cuando estoy nerviosa","Una que ayude a contar la cantidad de crisis",""
"2019/09/02 10:25:03 p.m. GMT","Si","Si","Sí","Sí","Sí","Estress","","carolinaramirezvalencia@hotmail.com"
"2019/09/02 10:26:41 p.m. GMT","Si","Cada 1 semana","Sí","Tal vez","Sí","Cuando estoy mas estresada.","Calendario.Dias que tenes la crisis.y observaciones de las mismas.Si te golpeaste.","sophiecorgir@gmail.com"
"2019/09/02 10:30:12 p.m. GMT","Si","Cuando estoy en el paso del sueño a despertar","Sí","Sí","Sí","Cuando estoy por despertar,","Estadística de episodios, hora que se manifiestan, sonido alarma en teléfono de contactos seguros, control pulsación en episodio que dispare alertas","bibcarolinazapatabn@gmail.com"
"2019/09/02 10:30:31 p.m. GMT","Si","No ","Sí","Tal vez","Sí","","Alertas de situaciones desencadenantes en ciertas etapas del mes ","ateyssiera@gmail.com"
"2019/09/02 10:38:55 p.m. GMT","Si","A veces menos de 5' y otras más de 5'","Sí","Sí","Sí","","Relajación, la posibilidad de avisar a mi familia para que me ayude si estoy en la vía pública sola.","macarenamansillalopez93@gmail.com"
"2019/09/02 10:43:23 p.m. GMT","No","Más o menos cada 5 meses ","No","Sí","Sí","Cuando estoy estrésada","","kikamaria84@gmail.com"
"2019/09/02 10:44:46 p.m. GMT","Si","Si ","No","Sí","Sí","Cuando tengo muchos problemas","Capaz que si","No tengo correo electeonico"
"2019/09/02 10:52:58 p.m. GMT","Si","No","Sí","Sí","Sí","Todas durmiendo ","Alarmas",""
"2019/09/02 10:58:59 p.m. GMT","No","","Sí","Sí","Sí","Al despertar","No lo se",""
"2019/09/02 10:59:22 p.m. GMT","Si","","No","Sí","Sí","Noche","",""
"2019/09/02 11:01:44 p.m. GMT","Si","No","Sí","Sí","Sí","Por la noche y mañana","","silvina.valor@gmail.com"
"2019/09/02 11:04:03 p.m. GMT","Si","30 minutos","No","Sí","Sí","Durante el sueño( epilepsia Pocs)","Alarmas del reloj","agustella2007@hotmail.com"
"2019/09/02 11:05:43 p.m. GMT","No","Cada 2 años","No","Sí","Sí","A la mañana","Un alerta de que voy a tener una crisis","paol_3635@hotmail.com"
"2019/09/02 11:45:33 p.m. GMT","Si","9 meses aproximadamente ","Sí","Sí","Sí","Momentos de mucha estrés","Una estadística de las crisis en días y en tiempo de duración de la misma es mí gran incógnita saber cuánto tiempo dura mí crisis cabe aclarar que yo tengo aura durante el día ","laurriche@hotmail.com"
"2019/09/02 11:53:36 p.m. GMT","Si","","Sí","Sí","Sí","Por la noche","","rogeliomenchaca88@gmail.com"
"2019/09/03 12:00:30 a.m. GMT","No","Cada dos  o tres días aproximadamente","Sí","Sí","Sí","por la tarde","Algo que me sirva para avisar rápidamente, sin tener que usar contraseñas o algo parecido.","adrianakleinubing@gmail.com"
"2019/09/03 12:03:26 a.m. GMT","Si","1 mes","Sí","Tal vez","Sí","Noche","Registro de crisis. Seguimiento de medicamentos",""
"2019/09/03 12:04:10 a.m. GMT","Si","Cada 20 días aproximado","No","Sí","Sí","Siempre por la tarde o noche","",""
"2019/09/03 12:17:34 a.m. GMT","No","No, ya q solo tuve 3 en mis 29 años de convivir con la epilepsia (tengo 33 y comence a los 4)","Sí","Sí","Sí","Solo tuve en aumentos de peso (de pequeña). A los 10 me dieron el alta y a los 14 hubo recidiva y a los 21 cuando intentaron volver a darme el alta. ","Una apps que recuerde los horarios de las tomas (para las personas que tienen tratamiento con varios anticonvulsivantes y ademas toman otras medicaciones), que puedas anotar cosas muy importantes que puedan afectarte (pocas hs dormidas, mucho stres laboral ese dia, disgustos emocionales, etc), que te recuerde sacar turno cada tantos meses para control con el neurólogo, que recuerde la renovacion del tto en obra social para llevar papeles a tiempo....","maypiscis86@hotmail.com"
"2019/09/03 12:20:51 a.m. GMT","Si","Si tuve pero fue hace tres años atrás luego son en despierta","Sí","Sí","Sí","Dependiendo, generalmente cuando estoy con el periodo menstrual, lo cuando no descanso bien","Desconozco","fagostinag@gmail.com"
"2019/09/03 12:49:16 a.m. GMT","Si","Si dos veses al mes antes todos los dias ","Sí","Sí","Sí","Realmente no son expesificas en cualquier dia del mes ","Uno q me saque el estres y me ayude a enterder mas las la enfermedad ","Si"
"2019/09/03 12:51:26 a.m. GMT","Si","No","Sí","Tal vez","Sí","Momentos de stress laboral","No olvidar o dudar de si tomé o no la medicacion","justiciagonzalez2015@gmail.com"
"2019/09/03 1:00:50 a.m. GMT","Si","No","Sí","Sí","Sí","Situaciones estresantes y falta de sueño ","Un recordatorio de toma de medicación ","nadia.altamirano.000@gmail.com"
"2019/09/03 1:01:27 a.m. GMT","Si","Cada 6 meses","Sí","Sí","Sí","Falta de sueño","",""
"2019/09/03 1:05:00 a.m. GMT","Si","No","Sí","Sí","Sí","Cuando estoy cansada o estresada","Recordar cuando tomar la medicación. Anotar las horas de sueño. ","maguig.r@hotmail.com"
"2019/09/03 1:18:38 a.m. GMT","Si","No","Sí","Sí","Sí","Cuando me pongo muy nervioso","Nose ","Elizabethbelenfernandez@hotmail.com"
"2019/09/03 1:31:19 a.m. GMT","Si","Segun a veces cada 4 hs o 20 min.segun la actividad cerebral","No","Sí","Sí","Cerca del horario de la medicaciom","Agendas y alarmas","Tamara.91.zoe@gmail.com"
"2019/09/03 1:44:37 a.m. GMT","Si","No","Sí","Sí","Sí","Falta de medicacion y picos de estress","Alarma  de crisis ","Si "
"2019/09/03 1:53:46 a.m. GMT","No","No","No","Sí","Sí","Noche","Recordar la toma de la medicación ","flormondini27@hotmail.com"
"2019/09/03 1:53:59 a.m. GMT","Si","Depende pero mayormente cada 1/2 horas","Sí","Sí","Sí","Durante el sueño.al dormir","Recordar medicacion.y alguna alarma si siento q me da una o va a dar una crisis","Veronicaandreavelasquez@yahoo.com.ar"
"2019/09/03 2:00:35 a.m. GMT","Si","No. Es psicosomática y es epilepsia del despertar. Si duermo mal y estoy nerviosa convulsiono","No","Sí","Sí","Nervios","Anotador","Paula.florentin@hotmail.com"
"2019/09/03 2:19:18 a.m. GMT","No","Si cada dos o tres años dependiendo lo mínimo tuve un año sin tenerlo","No","Sí","Sí","Yo cuando estoy descompuesta me acuesto o siento porque ya me conozco ","Poder tranquilizar mis nervios","Aimara37_@hotmail.com"
"2019/09/03 2:44:53 a.m. GMT","Si","20 dias","No","Sí","Sí","Al dormir","La duración","adrianld04@hotmail.com"
"2019/09/03 2:44:59 a.m. GMT","No","Ya no tengo","No","Sí","Sí","Situaciones de estrés","",""
"2019/09/03 2:46:14 a.m. GMT","No","Si ","Sí","Sí","Sí","Ante situaciones de stress.","Una aplicación con una función que alerte cuando se está por desencadenar la crisis. En mi caso particular yo no tengo aviso de que voy a tener una convulsión, por lo cual sería muy útil algo así por lo menos para que los que me rodean sepan lo que me está pasando y cómo actuar frente a eso.","monicaavella2@gmail.com "
"2019/09/03 2:50:11 a.m. GMT","No","No tengo estimado cada cuánto suceden. Pero me han dicho que también es del estado ánimo. ","No","Tal vez","Sí","Cuando estoy con muchos nervios. Por eso me recomendaron tranquilidad. ","Que se active algo para avisar a mi familia y amigos que tienen que hacer.","sfacendini@gmail.com"
"2019/09/03 2:54:01 a.m. GMT","Si","2 meses aprox","No","Tal vez","Sí","Antes de despertar","Nose",""
"2019/09/03 3:26:55 a.m. GMT","Si","Cada 6 meses o hasta una vez al año","Sí","Tal vez","Sí","Momentos de stress y angustia. O pocas horas de sueño.","Control de medicación. Alarma.","vale_grela@hotmail.com"
"2019/09/03 3:31:00 a.m. GMT","Si","Cada 6 meses","No","Sí","Sí","Cuando estoy estresada","Un registro de estadísticas","sandracandozapata@gmail.com"
"2019/09/03 3:39:28 a.m. GMT","Si","Al principio fue cuando tenia 1 año , despues a los 7, luego a los 10 años y 5 meses y la ultima cuando tenia 10 años y 11 meses.","No","Sí","Sí","No lo podria especificar","Poder saber ajustar medicacion en relacion corporal...dosis en base a kg. .indicador de toma de medicacion a horario ","g_a_v_a@outlook.com"
"2019/09/03 4:18:58 a.m. GMT","Si","No","Sí","Sí","Sí","Cuando me llega la regla","No se","a.p.sotomassol@gmail.com "
"2019/09/03 4:43:22 a.m. GMT","No","No","No","Sí","Sí","Con tos","",""
"2019/09/03 7:06:57 a.m. GMT","Si","","No","Sí","Sí","Momentos de extres o discursiones","",""
"2019/09/03 10:02:25 a.m. GMT","Si","3minutos","No","Sí","Sí","A las 6 de la mañana casi todas. ","Cuando esta convulsionando","wanda.galarza79@gmail.com"
"2019/09/03 10:13:05 a.m. GMT","Si","No","No","Tal vez","Sí","Durmiendo","",""
"2019/09/03 11:28:27 a.m. GMT","Si","No","No","Sí","Sí","","Tiempo de medicacion","maa040727@gmail.com"
"2019/09/03 11:52:40 a.m. GMT","Si","5 años","Sí","Sí","Sí","Después de una noche que dormí mal","Control de sueño, recordar horarios para tomar medicación. Alertar cuando tenes mas riesgo de crisis..","santigpnqn@gmail.com"
"2019/09/03 12:56:46 p.m. GMT","Si","1 vez por año aproximadamente.","Sí","Sí","Sí","Cuando me desvelo, no duermo bien, cafeína me mata y mucho estrés. Luz muy intensa.","Tocar para pedir ayuda. O alguna que me recuerde o me advierta sobre mis riesgos o disparadores de crisis.","hubertaguirre8@gmail.com"
"2019/09/03 1:04:54 p.m. GMT","Si","No","No","Sí","Sí","Cuando estoy sufriendo mucho stress","Algo en lo que pudiera llevar un control de las auras (premoniciones momentos antes de tener una convulsion)","Jimenaanahiromero@yahoo.com.ar"
"2019/09/03 4:33:23 p.m. GMT","No","5 años ","No","Tal vez","Sí","La mañana ","Un recordatorio, tipo alarma, para no olvidarme de tomar la medicación ",""
"2019/09/03 6:15:56 p.m. GMT","Si","","Sí","Tal vez","Sí","","",""
"2019/09/03 7:49:39 p.m. GMT","Si","No","Sí","Sí","Sí","Tarde noche","Alarma para tomar los medicamentos","Karenn.style22@hotmail.com"
"2019/09/03 8:24:57 p.m. GMT","No","No","No","Sí","Sí","No hay momentos ","",""
"2019/09/03 10:24:40 p.m. GMT","Si","En general, son dos o tres por año. Con más frecuencia a principio y finalizando el año.","Sí","Sí","Sí","Después de períodos de ansiedad, angustia, en general, de estrés (siempre es después de esos momentos/períodos, nunca me pasó en ese momento)","Que me permita cargar las tomas. Que me permita indicar momentos/períodos de estrés (angustia, ansiedad, miedo, etc.). Que me permita indicar característica de una crisis (lugar, duración, situación, aura, etc.)","mlguglielmone@gmail.com"
"2019/09/03 10:55:30 p.m. GMT","Si","Cada 6 meses","Sí","Sí","Sí","Cuando tengo problemas ","","Raquelpardes86@gmail.com "
"2019/09/03 11:24:47 p.m. GMT","No","Solamente sucedió dos veces con una diferencia de una semana. Luego comencé con tto y nunca más se volvieron a repetir. Llevo dos meses de tto. ","No","Sí","Sí","Tarde/noche","Recordatorio de toma de remedio, consulta con neurólogo, cantidad de crisis","carosan@gmail.com"
"2019/09/04 12:19:03 a.m. GMT","Si","Cuando no estoy medicada.","Sí","Sí","Sí","Ante la falta de un buen tratamiento.","Una función que me recuerde el momento en el cual debo tomar la medicación para no olvidarme.","gabriela3789@hotmail.com "
"2019/09/04 1:59:41 a.m. GMT","No","no lo calculo","No","Tal vez","Sí","no entendi la pregunta","Pues en una donde estuviera las respuesta de todo e también donde uno pueda preguntar su inquietudes ","no"
"2019/09/04 4:38:24 p.m. GMT","Si","2 años","Sí","Sí","Sí","En una situación de estrés ","",""
"2019/09/04 5:11:50 p.m. GMT","Si","Fueron 2 veces ","Sí","Sí","Sí","Generalmente cuando no tomó la medicación, tomo energizantes ","Un tipo ageda para guardar cuando fue la última crisis","Vargasno3.nv@gmail.com "
"2019/09/04 7:02:03 p.m. GMT","Si","3 a 4 semanas","Sí","Tal vez","Sí","","Seguimiento de medicación y crisis","lazarte_n@yahoo.com.ar"
"2019/09/04 8:27:07 p.m. GMT","Si","Más de 5' minutos a veces","Sí","Sí","Sí","","Para mayor seguridad cuando salgo sola ","macarenamansillalopez93@gmail.com"
"2019/09/05 5:15:49 a.m. GMT","Si","2 o 3 meses","No","Sí","Sí","Un rato despues de dormir","No se","mely_kapa07@hotmail.com"
"2019/09/05 5:54:07 a.m. GMT","Si","4 meses","Sí","Sí","Sí","Momentos tensos","Recordar medicación, horas de sueño adecuadas y alertar ","marcelagabrielperren@live.com.ar"
"2019/09/05 3:55:20 p.m. GMT","Si","No","Sí","Sí","Sí","Por la noche","Alarma que me indique antes de que se presente la crisis","Ventasojeda1@gmail.com "
"2019/09/06 11:10:59 a.m. GMT","Si","3 semanales ","Sí","Sí","Sí","No es específico pero me suele pasar a la tardecita","Realmente hoy no lo puedo decidir ","marielrm.dcorporativo@gmail.com "
"2019/09/06 8:25:53 p.m. GMT","Si","minutoss","Sí","Sí","Sí","la falta de sueño, en general altera y me dan mas crisis hasta fotosensibles o auras gastricas","desconozco","ml.vazquezlascano@gmail.com"
"2019/09/08 9:36:47 a.m. GMT","Si","","No","Sí","Sí","No está establecido","","bere034@hotmail.com"
"2019/09/09 6:57:06 p.m. GMT","Si","No con claridad","No","Sí","Sí","Noche y por la mañana","No se","cbacopy@hotmail.com"
"2019/09/10 12:12:57 p.m. GMT","Si","No","No","Sí","Sí","Solo cuando estoy nerviosa","Una que me ayude a detectar mis auras","caterinafrias@gmail.com"
"2019/09/11 6:56:04 p.m. GMT","No","Cuando aún no hallaba el tratamiento adecuado, en promedio 1 por mes. (Actualmente sin crisis hace 10 años)","Sí","Sí","Sí","Entre las 17 y las 22 hs","Cuando hay una crisis, algunos durante un minuto sienten un ""aviso"", denominado ""aura"" que te permite tomar pequeñas medidas como sentarte en el piso para no golpearte. Luego de la crisis, es probable que no puedas hablar -pensas pero no lo podés verbalizar- y menos buscar contactos en el teléfono o mandar u mensaje. Sería muy positivo que con un simple boton -inclusive un icono en el celu que todos llevamos siempre con nosotros- se pudiera avisar a los familiares y acceder a los datos mas fundamentales: medicación y médico que te trata, en caso de que te suceda en la calle o quien sea que te socorra pueda saber en qué situación estás y tenga cierto contexto la guardia que te recibe. ","natalianorasanchez@gmail.com"
"2019/09/20 11:01:19 p.m. GMT","Si","No","No","Sí","Sí","Mi nena varia mucho ","Alertar cuando este por tener una convulsión ","Sofy_gomez1989@hotmail.com "