<?xml version="1.0" encoding="UTF-8"?>
<beans xmlns="http://www.springframework.org/schema/beans"
	xmlns:xsi="http://www.w3.org/2001/XMLSchema-instance"
	xmlns:mvc="http://www.springframework.org/schema/mvc"
	xsi:schemaLocation="http://www.springframework.org/schema/beans
						http://www.springframework.org/schema/beans/spring-beans-4.2.xsd
						http://www.springframework.org/schema/mvc
						http://www.springframework.org/schema/mvc/spring-mvc-4.2.xsd">

    <!--Configuracion para indicarle al MVC de spring como resolver las vistas-->
    <bean id="viewResolver"
        class="org.springframework.web.servlet.view.UrlBasedViewResolver">
        <property name="viewClass"
            value="org.springframework.web.servlet.view.JstlView" />
        <!--Con esto antepone /WEB-INF/vistas al nombre de vista recibido-->
        <property name="prefix" value="/WEB-INF/vistas/" />
        <!--Con esto agrega al final .jsp el nombre de vista recibido-->
        <property name="suffix" value=".jsp" />
        <!--De esta manera al devolver home como nombre de vista, resuelve /WEB-INF/vistas/home.jsp-->
    </bean>

    <!--Excluye de las URL validas para Spring MVC los recursos estáticos de la aplicación Web: estilos, java script y fuentes-->
    <!--Si se agregaran, por ejemplo, imagenes, es; es necesario agregar ese path acá-->
    <mvc:resources mapping="/css/**" location="/css/" />
    <mvc:resources mapping="/js/**" location="/js/" />
    <mvc:resources mapping="/fonts/**" location="/fonts/" />
</beans>